N_CLIENT,Segment_Label,CA_TOTAL,BONUS_MALUS_MOY,SCORE_RISQUE
1555532,Client Premium,1634.651,2.810810810810811,0.8919873184026764
1353528,Client Premium,1862.905,2.108108108108108,0.8900926084161719
1333354,Client Premium,2147.528,2.1555555555555554,0.8899014002018177
1395532,Client Premium,1549.03,2.323529411764706,0.889564845333405
1527532,Client Premium,1510.3,2.6333333333333333,0.8880010724925387
1533334,Client Premium,2140.115,2.069767441860465,0.8878809619650605
1535352,Client Premium,1454.111,2.1333333333333333,0.8865898126049001
1335352,Client Premium,1534.831,2.0277777777777777,0.8861111729964567
1535814,Client Premium,1511.01,3.0,0.8850994946241966
1553532,Client Premium,1569.329,2.15625,0.8834564717331159
1535554,Client Premium,2691.712,3.0,0.8819402252946587
1333532,Client Premium,1377.06,2.09375,0.8817972103596022
1353274,Client Premium,1564.84,3.071428571428572,0.8812599078638058
1553572,Client Premium,1285.7,2.1481481481481484,0.880200621256439
1275952,Client Premium,1223.12,2.111111111111111,0.8798738901823371
1339332,Client Premium,1341.755,2.4482758620689653,0.8794284430375356
1375354,Client Premium,1425.074,2.8857142857142857,0.8792951339676374
1333352,Client Premium,2281.62,1.9,0.8792940224966567
1321534,Client Premium,1252.717,2.4482758620689653,0.8790529840474619
1595292,Client Premium,1653.16,2.24,0.8789949271612819
1351532,Client Premium,1394.725,2.4545454545454546,0.8787729555886264
1533554,Client Premium,1632.34,3.814814814814815,0.8785026670849712
1533154,Client Premium,1222.575,2.2857142857142856,0.8784939496329848
1555312,Client Premium,1514.763,2.4,0.8784228024348595
1373552,Client Premium,1229.71,2.774193548387097,0.8782629987330313
1393334,Client Premium,1236.74,2.033333333333333,0.8782574384648179
1555554,Client Premium,1390.83,1.8823529411764703,0.8777594979566519
1335552,Client Premium,1368.718,2.5172413793103448,0.8775186592873265
1513532,Client Premium,1117.36,2.3846153846153846,0.8764402717886028
1535356,Client Premium,1418.775,4.0,0.8746642858986309
1353574,Client Premium,1075.955,2.6923076923076925,0.8739542254491741
1533552,Client Premium,1440.331,2.4615384615384617,0.8737629737405135
1333334,Client Premium,1127.59,2.129032258064516,0.8735649212707893
1473734,Client Premium,1367.39,2.583333333333333,0.8732044353036247
1775534,Client Premium,1775.735,3.8333333333333335,0.8731967025542877
1353352,Client Premium,1218.428,1.9655172413793105,0.8730859539467652
1573334,Client Premium,1528.263,2.652173913043478,0.8730752541481188
1332934,Client Premium,1297.76,2.7333333333333334,0.8730300969992995
1333932,Client Premium,1196.415,1.9714285714285715,0.872602242295946
1595354,Client Premium,1486.845,1.8928571428571428,0.8722084369000281
1753552,Client Premium,1701.795,4.25,0.8721766871449168
1553534,Client Premium,1116.864,3.3703703703703702,0.8721750794663659
1553286,Client Premium,1521.699,1.875,0.8711738183712143
1355532,Client Premium,2015.85,1.5227272727272727,0.8709267051325115
1335328,Client Premium,1060.45,1.6153846153846154,0.8705443321560149
1553354,Client Premium,1645.868,1.5172413793103448,0.8704156473617101
1359354,Client Premium,1694.597,1.6296296296296295,0.8703012776614457
1335532,Client Premium,1156.655,1.56,0.8698654810054102
1355334,Client Premium,1070.51,1.72,0.8697860990378361
1733354,Client Premium,1990.16,4.107142857142857,0.8696791302432019
1335354,Client Premium,1363.96,1.6097560975609757,0.8685402660971786
1553326,Client Premium,1119.16,2.083333333333333,0.8679990157564685
1555334,Client Premium,1063.69,2.0,0.8678327069036469
1333328,Client Premium,1581.415,3.2333333333333334,0.8677330182610054
1133734,Client Premium,1687.453,2.821428571428572,0.8674460931147668
1535334,Client Premium,1149.55,2.565217391304348,0.867160543180164
1533346,Client Premium,1476.255,2.0869565217391304,0.8671100483781907
1329552,Client Premium,1041.808,2.2916666666666665,0.8670663824045957
1353414,Client Premium,1753.96,2.9565217391304346,0.8665786066842571
1733352,Client Premium,1873.57,4.851851851851852,0.8663531922279607
1355732,Client Premium,1179.075,2.9166666666666665,0.8662691831389789
1329576,Client Premium,1446.38,2.1739130434782608,0.8654397132057173
1533520,Client Premium,1774.487,3.5625,0.8652794056455339
1294752,Client Premium,1010.41,2.4814814814814814,0.8652374164936812
1335334,Client Premium,1097.64,1.7222222222222223,0.8650205389132013
1355740,Client Premium,1051.775,1.84375,0.8646741060951969
1551534,Client Premium,1039.547,2.4166666666666665,0.8644992216960965
1335554,Client Premium,1533.05,1.9166666666666667,0.8644228965324714
1755352,Client Premium,1515.6,4.304347826086956,0.864058006742068
1533532,Client Premium,1562.875,3.2222222222222223,0.8639603068446473
1337752,Client Premium,1853.548,1.76,0.8634861017490334
1135734,Client Premium,1136.125,2.0,0.8634756311713686
1535394,Client Premium,948.18,2.0,0.8631200611178703
1355752,Client Premium,1088.66,2.217391304347826,0.8630408479832076
1551554,Client Premium,1924.111,2.3846153846153846,0.8627654256460933
1533312,Client Premium,871.875,2.269230769230769,0.8620180542882866
1533392,Client Premium,1751.869,2.08,0.8613431764255224
1353558,Client Premium,1090.08,2.136363636363636,0.8610037684765465
1515532,Client Premium,1019.72,3.136363636363636,0.8592601973520412
1553554,Client Premium,1032.3,2.409090909090909,0.8592135455686548
1535492,Client Premium,1213.225,2.625,0.8587099213608437
1555534,Client Premium,1504.78,2.4,0.8583998587786885
1335134,Client Premium,985.239,2.0,0.8578749849763304
1533934,Client Premium,2786.641,2.269230769230769,0.8575120921263324
1553546,Client Premium,1379.408,2.6206896551724137,0.8571201954779041
1521534,Client Premium,1118.494,1.625,0.8568763290617467
1733554,Client Premium,1637.917,4.714285714285714,0.8567201054264598
1559334,Client Premium,1022.148,1.88,0.856037394126881
1273154,Client Premium,1094.702,1.818181818181818,0.8557563282555612
1313534,Client Premium,929.898,1.3666666666666667,0.8555632282243597
1755538,Client Premium,1479.575,4.64,0.8553935175119526
1395352,Client Premium,1178.49,1.2,0.855387692636159
1355554,Client Premium,973.95,1.56,0.8550486386984738
1349332,Client Premium,1013.25,2.391304347826087,0.8548820185864267
1753932,Client Premium,1575.069,3.210526315789474,0.8547268461666567
1593414,Client Premium,966.268,1.72,0.8545944675041761
1573532,Client Premium,1277.39,3.3181818181818183,0.8545011344592587
1349334,Client Premium,1455.825,2.45,0.854268253275035
1539358,Client Premium,946.331,2.260869565217391,0.8540852587773373
1273552,Client Premium,1510.32,1.565217391304348,0.8539260211278996
1559534,Client Premium,1041.825,2.952380952380953,0.8538517585382489
1541334,Client Premium,1351.145,3.272727272727273,0.8535920627171872
1333540,Client Premium,1238.8,2.789473684210526,0.8532672349409909
1555354,Client Premium,865.949,2.0434782608695654,0.8529916172328775
1375532,Client Premium,1261.625,2.4347826086956523,0.8529417023989652
1521334,Client Premium,1046.225,2.380952380952381,0.8528843687282537
1753332,Client Premium,1738.125,5.62962962962963,0.8528516022597197
1733534,Client Premium,1555.57,5.454545454545454,0.8526037736292098
1535734,Client Premium,1612.592,3.6666666666666665,0.8524672037512921
1753354,Client Premium,1982.873,3.590909090909091,0.8524426299476857
1353556,Client Premium,1304.696,2.4347826086956523,0.8520728838750459
1553734,Client Premium,1153.436,1.818181818181818,0.8519400715437152
1153732,Client Premium,1161.475,1.9523809523809523,0.8518694971591927
1372150,Client Premium,1754.022,1.7391304347826086,0.8517772096561861
1552752,Client Premium,992.713,1.9523809523809523,0.8511438443727755
1539394,Client Premium,733.936,2.1538461538461537,0.8508263693281062
1333534,Client Premium,1105.15,1.6956521739130437,0.8506687157704285
1675534,Client Premium,1757.39,5.954545454545454,0.8503016065926642
1392794,Client Premium,2240.1,2.4285714285714284,0.8502075593311146
1395336,Client Premium,1209.7,3.055555555555556,0.8500727635532368
1673354,Client Premium,1614.7759999999998,5.15,0.8500541182281495
1753532,Client Premium,1454.404,4.842105263157895,0.8499940084877751
1335514,Client Premium,1030.75,2.0,0.849919650967188
1537334,Client Premium,1387.135,3.583333333333333,0.8498819382810392
1334132,Client Premium,1072.25,2.45,0.8496061679448563
1339532,Client Premium,1102.65,1.8571428571428568,0.8494571707005346
1395154,Client Premium,1200.886,3.111111111111111,0.8493249917502237
1335336,Client Premium,1197.252,2.9,0.8492427597034006
1273332,Client Premium,966.535,1.7272727272727273,0.849155303318831
1535358,Client Premium,1217.66,2.789473684210526,0.849004712076544
1347354,Client Premium,860.513,2.363636363636364,0.8488683568956613
1559352,Client Premium,1147.06,1.818181818181818,0.8488216009074583
1393354,Client Premium,1230.2,3.15,0.8486287673129701
1735554,Client Premium,1164.423,4.315789473684211,0.848140633534205
1753554,Client Premium,1188.023,4.523809523809524,0.8473651509419899
1575534,Client Premium,1530.474,1.608695652173913,0.8470776702585882
1333320,Client Premium,829.735,3.3181818181818183,0.8470348036529223
1351352,Client Premium,837.336,2.2857142857142856,0.846742282246598
1533538,Client Premium,953.117,3.1,0.8467192109933872
1327314,Client Premium,1010.275,2.571428571428572,0.8467040158686079
1733334,Client Premium,1655.9,3.888888888888889,0.8466603402273276
1333272,Client Premium,853.4399999999999,2.909090909090909,0.8466071579567145
1533814,Client Premium,983.95,2.857142857142857,0.8464620249013655
1313272,Client Premium,960.645,2.65,0.8463624473558501
1335330,Client Premium,764.968,1.8888888888888888,0.846361665486578
1334754,Client Premium,1105.25,2.5294117647058822,0.8463037303420415
1357334,Client Premium,844.811,2.0,0.8462439229563619
1353952,Client Premium,1123.156,2.823529411764706,0.846193288257518
1735526,Client Premium,1449.75,4.666666666666667,0.8461351574965136
1334726,Client Premium,1121.69,3.388888888888889,0.8460361308605496
1559532,Client Premium,1303.9,2.5217391304347827,0.845991914421429
1531352,Client Premium,1259.185,4.055555555555555,0.8459126449394543
1732932,Client Premium,1108.005,4.476190476190476,0.8455667457989624
1332954,Client Premium,1034.437,1.5714285714285714,0.8455217760797699
1535552,Client Premium,996.888,2.4,0.8453553028240779
1755472,Client Premium,951.3,4.260869565217392,0.8452795026306461
1309534,Client Premium,1061.803,3.2222222222222223,0.8449558094641055
1275354,Client Premium,910.907,1.3461538461538465,0.8444498250837357
1553338,Client Premium,767.53,3.375,0.8444471326465777
1559354,Client Premium,1162.5,1.95,0.844372478252383
1535354,Client Premium,971.37,2.0,0.8440897498991593
1493552,Client Premium,1075.486,3.6666666666666665,0.8440668813035779
1535532,Client Premium,929.631,1.434782608695652,0.84405325869466
1355328,Client Premium,851.99,2.4166666666666665,0.8440456288084579
1575334,Client Premium,1068.68,2.0526315789473686,0.8439768362931932
1335132,Client Premium,1066.5,2.5294117647058822,0.8439524782520857
1549294,Client Premium,1167.486,2.0,0.8438045973425993
1335338,Client Premium,1024.536,2.347826086956522,0.8437669143439015
1213552,Client Premium,860.77,1.9,0.8437551670953899
1333356,Client Premium,1233.97,2.333333333333333,0.843405855445275
1559548,Client Premium,1115.6,2.625,0.8432096306133972
1333546,Client Premium,915.2,2.0454545454545454,0.8431557943958632
1333554,Client Premium,1037.8,1.4545454545454546,0.8430366530495188
1373532,Client Premium,857.972,2.458333333333333,0.8429452422218116
1555736,Client Premium,1258.28,2.3157894736842106,0.8429027390545746
1393546,Client Premium,860.72,1.5454545454545454,0.8428991153907346
1327554,Client Premium,1194.675,2.0,0.8428153156221059
1733546,Client Premium,1300.177,2.8421052631578947,0.8425335681882723
1555346,Client Premium,757.255,1.809523809523809,0.8424732576906183
1139594,Client Premium,3090.538,2.869565217391304,0.8421943516240183
1355492,Client Premium,796.7429999999999,2.260869565217391,0.8420032350577584
1353554,Client Premium,1023.403,1.6071428571428572,0.8419736855020055
1555136,Client Premium,1013.64,1.36,0.8415792722732851
1393548,Client Premium,709.601,3.1739130434782608,0.8414820352474576
1759334,Client Premium,1643.619,4.631578947368421,0.841422041231412
1353338,Client Premium,766.435,1.818181818181818,0.8413006254087954
1355934,Client Premium,1105.8,3.210526315789474,0.8411158325656101
1293332,Client Premium,876.695,2.263157894736842,0.840642719011623
1535526,Client Premium,832.786,1.85,0.8406062783808846
1333536,Client Premium,841.75,1.6666666666666667,0.8401495960110832
1755334,Client Premium,1761.46,6.368421052631579,0.8401147053567081
1359934,Client Premium,824.6,1.894736842105263,0.839968412422659
1535550,Client Premium,897.23,2.5,0.839962280853832
1333552,Client Premium,889.5,2.5789473684210527,0.8399525959828101
1553320,Client Premium,843.135,2.8421052631578947,0.8398797947533754
1593354,Client Premium,1359.243,2.611111111111111,0.8394523931142461
1539954,Client Premium,1016.19,2.631578947368421,0.8392716500303739
1355520,Client Premium,771.3,1.4583333333333333,0.8392170516287862
1394152,Client Premium,988.9,2.05,0.8390851112040478
1353948,Client Premium,1058.995,1.5909090909090908,0.8388671997419503
